{
	"easycom": {
		"autoscan": true,
		"custom": {
			"^uni-(.*)": "@dcloudio/uni-ui/lib/uni-$1/uni-$1.vue"
		}
	},
	"pages": [
		{
			"path": "pages/index/index",
			"style": {
				"navigationBarTitleText": "uni-app",
				"navigationStyle": "custom"
			}
		},
		{
			"path": "pages/classify/classify",
			"style": {
				"navigationBarTitleText": "classify",
				"navigationStyle": "custom"
			}
		},
		{
			"path": "pages/my/my",
			"style": {
				"navigationBarTitleText": "my",
				"navigationStyle": "custom"
			}
		},
		{
			"path": "pages/classlist/classlist",
			"style": {
				"navigationBarTitleText": "classlist"
			}
		},
		{
			"path": "pages/preview/preview",
			"style": {
				"navigationBarTitleText": "preview",
				"navigationStyle": "custom"
			}
		},
		{
			"path": "pages/notice/notice",
			"style": {
				"navigationBarTitleText": "公告"
			}
		},
		{
			"path": "pages/notice/detail",
			"style": {
				"navigationBarTitleText": "公告详情"
			}
		},
		{
			"path": "pages/search/search",
			"style": {
				"navigationBarTitleText": "搜索"
			}
		}
	],
	"tabBar": {
		"color": "#9799a5",
		"selectedColor": "#28B389",
		"list": [
			{
				"pagePath": "pages/index/index",
				"text": "首页",
				"iconPath": "static/images/tabBar/home.png",
				"selectedIconPath": "static/images/tabBar/home-h.png"
			},
			{
				"pagePath": "pages/classify/classify",
				"text": "分类",
				"iconPath": "static/images/tabBar/classify.png",
				"selectedIconPath": "static/images/tabBar/classify-h.png"
			},
			{
				"pagePath": "pages/my/my",
				"text": "我的",
				"iconPath": "static/images/tabBar/user.png",
				"selectedIconPath": "static/images/tabBar/user-h.png"
			}
		]
	},
	"globalStyle": {
		"navigationBarTextStyle": "black",
		"navigationBarTitleText": "虾米壁纸",
		"navigationBarBackgroundColor": "#F8F8F8",
		"backgroundColor": "#F8F8F8"
	}
}